patient_id,first_name,last_name,exact_age,age_group,address,ssn_last4,trial_site_id,diagnosis,severity_level,treatment,enrollment_status
PATIENT0001,Gabrielle,Cameron,83,61+,"56413 Lewis Parks, Wilkersonmouth, FL 35219",2388,SITE003,Aortic Stenosis,Critical,Drug Therapy,Enrolled
PATIENT0002,Jose,Richards,42,41-50,"PSC 6532, Box 8710, APO AE 20534",2691,SITE007,Coronary Artery Disease,Severe,HV-3000 Implant,Withdrawn
PATIENT0003,Paul,Carlson,81,61+,"018 Mack Junctions Apt. 462, Smithview, NY 23917",8148,SITE008,Heart Failure,Severe,HV-3000 Implant,Pending
PATIENT0004,Chelsea,Hernandez,79,61+,"570 Sarah Wells, Johnbury, FM 74865",1171,SITE010,Coronary Artery Disease,Mild,Drug Therapy,Withdrawn
PATIENT0005,Tiffany,Patel,83,61+,"248 Brandt Plains Apt. 465, Lammouth, DE 32994",3150,SITE004,Mitral Regurgitation,Severe,HV-2000 Implant,Enrolled
PATIENT0006,Brianna,Hall,75,61+,"031 Michele Cliffs, West Elizabeth, IL 71179",2997,SITE005,Heart Failure,Severe,Drug Therapy,Completed
PATIENT0007,John,Kennedy,74,61+,"65667 Emily Rue, North Richardmouth, AS 14823",3338,SITE007,Heart Failure,Critical,Hemodynamic Monitoring,Enrolled
PATIENT0008,Shane,Henderson,44,41-50,"78108 Tanya Terrace, East Richard, NJ 28517",6026,SITE014,Heart Failure,Mild,HV-2000 Implant,Withdrawn
PATIENT0009,Aaron,Myers,76,61+,"PSC 7468, Box 7234, APO AE 08166",9805,SITE009,Mitral Regurgitation,Critical,Drug Therapy,Pending
PATIENT0010,Brian,Silva,68,61+,"81219 Emma Freeway, Wilsonshire, IA 76381",9091,SITE004,Aortic Stenosis,Moderate,Drug Therapy,Enrolled
PATIENT0011,Robert,Silva,79,61+,"53462 Bryant Terrace Apt. 079, North Amandahaven, KS 17862",5135,SITE019,Coronary Artery Disease,Moderate,Pressure Sensing,Completed
PATIENT0012,Justin,Kim,37,31-40,"808 Huynh Cove Apt. 411, West Juan, IL 94559",5348,SITE012,Aortic Stenosis,Severe,HV-3000 Implant,Completed
PATIENT0013,Tracy,Whitehead,72,61+,"640 Matthew Curve, Evanmouth, OH 92994",6801,SITE012,Coronary Artery Disease,Critical,Drug Therapy,Completed
PATIENT0014,Charles,Ware,83,61+,"PSC 8059, Box 8262, APO AE 40905",5053,SITE008,Mitral Regurgitation,Moderate,Pressure Sensing,Enrolled
PATIENT0015,Evelyn,Estrada,51,51-60,"232 Nicole Burg Apt. 563, Erikville, MS 05576",7337,SITE011,Atrial Fibrillation,Moderate,Hemodynamic Monitoring,Completed
PATIENT0016,Michael,Hoover,77,61+,"36541 Bell Pass, Frazierside, MA 04118",1429,SITE004,Atrial Fibrillation,Mild,Pressure Sensing,Completed
PATIENT0017,Sydney,Baker,52,51-60,"5698 Paul Ports Apt. 406, New Saraside, TX 94798",3561,SITE015,Heart Failure,Severe,HV-3000 Implant,Completed
PATIENT0018,Stacy,Mccall,33,31-40,"484 Nguyen Square, Angelaborough, MT 87654",6299,SITE007,Atrial Fibrillation,Severe,Hemodynamic Monitoring,Enrolled
PATIENT0019,Kevin,Kelley,84,61+,"69957 Ramos Forest Suite 214, Clarencebury, TX 41188",3320,SITE009,Heart Failure,Critical,Drug Therapy,Withdrawn
PATIENT0020,Brandon,Riggs,83,61+,"6936 Ross Drive, Port Michelleville, WI 56225",3287,SITE004,Heart Failure,Moderate,Drug Therapy,Withdrawn
PATIENT0021,Brent,Wright,36,31-40,"78895 Salazar Stravenue Suite 872, Colebury, MP 84080",4873,SITE020,Atrial Fibrillation,Severe,Hemodynamic Monitoring,Pending
PATIENT0022,Joshua,Jones,70,61+,"5812 Jesse Square Apt. 316, Riveramouth, MT 08662",3669,SITE017,Aortic Stenosis,Critical,Drug Therapy,Completed
PATIENT0023,Sophia,Smith,55,51-60,"0546 Medina Street Apt. 734, Tuckerfurt, MA 88171",6272,SITE014,Aortic Stenosis,Moderate,Hemodynamic Monitoring,Pending
PATIENT0024,Tina,Ferguson,41,41-50,"PSC 9901, Box 6272, APO AE 34600",6537,SITE011,Coronary Artery Disease,Severe,HV-2000 Implant,Withdrawn
PATIENT0025,Mark,Juarez,66,61+,"1708 Zoe Keys Apt. 100, East Mary, RI 20474",3271,SITE014,Heart Failure,Critical,Hemodynamic Monitoring,Completed
PATIENT0026,Anne,Robinson,52,51-60,"99124 Beth Inlet Suite 631, North Heidi, ME 90188",9190,SITE013,Mitral Regurgitation,Severe,Pressure Sensing,Enrolled
PATIENT0027,Michael,Patterson,57,51-60,"67165 Zimmerman Mews Apt. 849, Marshallshire, KY 42746",3147,SITE007,Atrial Fibrillation,Severe,Pressure Sensing,Pending
PATIENT0028,John,Marshall,64,61+,"0752 Lewis Union Suite 549, Angelahaven, ID 11722",3678,SITE007,Coronary Artery Disease,Critical,HV-3000 Implant,Enrolled
PATIENT0029,Katherine,Vaughn,56,51-60,"0143 Holt Inlet Suite 788, Ronaldside, MA 46613",7444,SITE020,Heart Failure,Mild,HV-3000 Implant,Withdrawn
PATIENT0030,Jerry,Griffith,54,51-60,"37498 Hooper Village, West Jeremy, HI 40119",0824,SITE007,Mitral Regurgitation,Mild,HV-2000 Implant,Completed
PATIENT0031,Brandon,Brown,85,61+,"710 Harrison Mill, Jackton, KS 63117",1167,SITE020,Aortic Stenosis,Critical,Pressure Sensing,Completed
PATIENT0032,Charles,Soto,74,61+,"413 Angela Mall, Port Alexandra, NV 58529",4964,SITE013,Atrial Fibrillation,Critical,HV-3000 Implant,Completed
PATIENT0033,Ashley,Brown,72,61+,"USS Meza, FPO AE 82488",3412,SITE001,Aortic Stenosis,Critical,HV-3000 Implant,Completed
PATIENT0034,John,Arnold,78,61+,"9740 Keith Haven Suite 134, South Danny, IN 85387",2421,SITE017,Atrial Fibrillation,Mild,Drug Therapy,Completed
PATIENT0035,Brian,Sparks,82,61+,"1746 Mason Park Suite 190, Navarroview, AK 12471",3990,SITE004,Atrial Fibrillation,Moderate,Pressure Sensing,Withdrawn
PATIENT0036,Yvonne,Chambers,84,61+,"78742 Walters Overpass, South Michaelmouth, MD 88336",1256,SITE015,Coronary Artery Disease,Critical,Drug Therapy,Pending
PATIENT0037,Heather,Roberts,81,61+,"USS Gibson, FPO AA 33583",5168,SITE016,Atrial Fibrillation,Severe,HV-3000 Implant,Withdrawn
PATIENT0038,Mallory,Smith,76,61+,"0385 Garrett Trace Apt. 348, West Samuel, UT 64033",1093,SITE017,Atrial Fibrillation,Moderate,Hemodynamic Monitoring,Pending
PATIENT0039,Jennifer,Collins,42,41-50,"31712 Cantu Highway Suite 677, South Andrea, MS 25484",9821,SITE010,Mitral Regurgitation,Severe,Hemodynamic Monitoring,Withdrawn
PATIENT0040,Joshua,Tyler,81,61+,"44997 Sean Orchard Suite 588, Gibsonmouth, VI 25228",3963,SITE003,Mitral Regurgitation,Moderate,HV-3000 Implant,Pending
PATIENT0041,Melissa,Jenkins,73,61+,"662 Hanna Crossroad Suite 171, Smithberg, MT 86324",2174,SITE007,Aortic Stenosis,Critical,Pressure Sensing,Withdrawn
PATIENT0042,Matthew,Schwartz,67,61+,"865 Brennan Camp Apt. 343, South Tiffanyville, NV 22306",4005,SITE014,Aortic Stenosis,Moderate,Pressure Sensing,Pending
PATIENT0043,Laura,Carter,82,61+,"86922 Christian Ways, Harveybury, NM 76936",2374,SITE019,Aortic Stenosis,Critical,Pressure Sensing,Enrolled
PATIENT0044,Steve,Estrada,83,61+,"PSC 7482, Box 1759, APO AA 84247",6474,SITE010,Atrial Fibrillation,Critical,Drug Therapy,Completed
PATIENT0045,James,Cruz,65,61+,"9594 Johnson Village, Hillshire, VI 90390",0974,SITE009,Atrial Fibrillation,Critical,HV-2000 Implant,Pending
PATIENT0046,Kimberly,Hall,59,51-60,"394 Courtney Road, West Kristinaton, OR 48324",2145,SITE013,Mitral Regurgitation,Critical,HV-3000 Implant,Enrolled
PATIENT0047,Julie,Thompson,82,61+,"842 Sloan Orchard Suite 517, East Karenbury, VI 89148",6851,SITE019,Coronary Artery Disease,Mild,HV-2000 Implant,Pending
PATIENT0048,Krystal,Smith,48,41-50,"4965 Emily Mountains Apt. 985, Lake Bryan, GU 61353",4612,SITE015,Mitral Regurgitation,Mild,Hemodynamic Monitoring,Pending
PATIENT0049,Brandon,Johnson,59,51-60,"Unit 1138 Box 2675, DPO AP 97905",8692,SITE015,Heart Failure,Severe,Pressure Sensing,Withdrawn
PATIENT0050,Nicole,Pena,76,61+,"0537 Sampson Walk Suite 158, Bruceview, ID 16512",7139,SITE014,Heart Failure,Mild,Pressure Sensing,Enrolled
PATIENT0051,Tasha,Williams,76,61+,"318 Brenda Via, West Kim, WY 78617",0422,SITE002,Heart Failure,Moderate,HV-2000 Implant,Enrolled
PATIENT0052,Amber,Lindsey,76,61+,"05395 Grant Center, Lake Robert, DE 98236",1775,SITE008,Mitral Regurgitation,Mild,Drug Therapy,Completed
PATIENT0053,William,Rodriguez,54,51-60,"847 Bruce Neck, Simmonsville, NM 93876",7115,SITE016,Aortic Stenosis,Moderate,Pressure Sensing,Withdrawn
PATIENT0054,Charlene,Jones,76,61+,"9847 Garcia Squares Apt. 836, Beasleychester, MA 59942",6615,SITE006,Coronary Artery Disease,Mild,HV-3000 Implant,Withdrawn
PATIENT0055,Ronald,Ortega,45,41-50,"711 Christopher Court, Lisaside, AR 77370",8851,SITE001,Heart Failure,Critical,Pressure Sensing,Completed
PATIENT0056,Robert,Russo,42,41-50,"USCGC Parrish, FPO AP 07244",4945,SITE008,Aortic Stenosis,Severe,Drug Therapy,Enrolled
PATIENT0057,Dale,Romero,77,61+,"15851 Andrews Valley Suite 899, New Sarahview, AK 24148",4455,SITE019,Aortic Stenosis,Severe,Drug Therapy,Pending
PATIENT0058,Adam,Kane,72,61+,"20183 Barnes Junctions Apt. 545, North Ericton, TX 11194",4767,SITE003,Coronary Artery Disease,Severe,HV-2000 Implant,Pending
PATIENT0059,Catherine,Perry,78,61+,"6149 Rose Inlet, East Randallton, AL 27295",4324,SITE004,Atrial Fibrillation,Severe,Pressure Sensing,Completed
PATIENT0060,Keith,Wilson,63,61+,"26838 Jones Wall Apt. 607, Port Lawrencechester, OK 53509",6416,SITE017,Heart Failure,Critical,Pressure Sensing,Pending
PATIENT0061,Andrew,Nguyen,79,61+,"516 John Radial Suite 816, Juliebury, MA 22538",1818,SITE019,Heart Failure,Severe,HV-3000 Implant,Enrolled
PATIENT0062,William,Bullock,56,51-60,"12432 Kathleen Shoal, East Stephaniefort, NH 99387",9979,SITE015,Mitral Regurgitation,Critical,Drug Therapy,Pending
PATIENT0063,Dawn,Downs,59,51-60,"71774 Vargas Knoll Apt. 477, North Miguelport, CA 84998",1998,SITE016,Heart Failure,Moderate,Pressure Sensing,Completed
PATIENT0064,Patrick,Carpenter,60,51-60,"USS Cole, FPO AP 85938",3597,SITE009,Heart Failure,Severe,Drug Therapy,Withdrawn
PATIENT0065,Walter,Rosario,68,61+,"182 John Mill Suite 889, West Nathan, LA 51280",6590,SITE017,Mitral Regurgitation,Mild,HV-3000 Implant,Pending
PATIENT0066,Kristina,Holland,65,61+,"644 Mathew Prairie, West Kyle, SD 92052",6291,SITE008,Atrial Fibrillation,Critical,Pressure Sensing,Enrolled
PATIENT0067,Kyle,Bennett,44,41-50,"816 Smith Inlet, East Matthew, WI 64237",3322,SITE008,Atrial Fibrillation,Moderate,Hemodynamic Monitoring,Withdrawn
PATIENT0068,Chris,Richard,65,61+,"592 Moore Falls, Lake Samuel, MT 48250",3794,SITE017,Heart Failure,Critical,Drug Therapy,Withdrawn
PATIENT0069,Karen,Bowers,60,51-60,"7359 Murray Haven, Shawchester, GA 26675",9240,SITE015,Heart Failure,Severe,Hemodynamic Monitoring,Completed
PATIENT0070,Danielle,Sawyer,46,41-50,"814 Kathryn Groves, Whiteheadberg, MP 57841",1375,SITE007,Heart Failure,Mild,Drug Therapy,Completed
PATIENT0071,Sarah,Perry,52,51-60,"61530 Galvan Villages Suite 220, Samanthafort, UT 18692",7790,SITE016,Heart Failure,Severe,HV-2000 Implant,Completed
PATIENT0072,Rebecca,Smith,57,51-60,"986 Kimberly Freeway, Davidbury, MT 84249",9711,SITE012,Mitral Regurgitation,Severe,HV-2000 Implant,Completed
PATIENT0073,Mary,Porter,56,51-60,"246 Christina Garden, Lopezland, NC 47766",1888,SITE002,Coronary Artery Disease,Severe,HV-3000 Implant,Pending
PATIENT0074,Kristin,Romero,45,41-50,"65405 Michael Street Apt. 952, West Amyburgh, MP 90243",7722,SITE001,Coronary Artery Disease,Severe,Pressure Sensing,Pending
PATIENT0075,Bryan,Parsons,63,61+,"03054 Hays Plains Suite 403, Michaelton, VI 86449",5415,SITE006,Aortic Stenosis,Severe,Pressure Sensing,Enrolled
PATIENT0076,Samuel,Ross,78,61+,"2775 Owen Stream Suite 169, New Kelly, CT 10995",5447,SITE013,Atrial Fibrillation,Mild,Drug Therapy,Enrolled
PATIENT0077,Carrie,Simmons,49,41-50,"0596 Fowler Turnpike Apt. 165, North Douglas, PA 89379",7021,SITE019,Heart Failure,Mild,HV-3000 Implant,Enrolled
PATIENT0078,Joel,Brewer,68,61+,"275 Wallace Club, New Michael, MD 85640",4310,SITE014,Coronary Artery Disease,Moderate,Drug Therapy,Pending
PATIENT0079,Jill,Porter,64,61+,"4739 Benson Overpass, North Derek, CA 59751",2715,SITE015,Heart Failure,Critical,Hemodynamic Monitoring,Enrolled
PATIENT0080,Elizabeth,Mckinney,70,61+,"2258 David Flats Apt. 370, Angelastad, NH 72806",2911,SITE004,Mitral Regurgitation,Moderate,Hemodynamic Monitoring,Enrolled
PATIENT0081,Kyle,Key,50,41-50,"9125 Shannon Springs Suite 289, Port Tammy, NE 66412",0182,SITE006,Coronary Artery Disease,Mild,HV-3000 Implant,Enrolled
PATIENT0082,Kevin,Martin,62,61+,"USNS Reed, FPO AP 37731",1438,SITE020,Atrial Fibrillation,Severe,HV-2000 Implant,Completed
PATIENT0083,Joshua,Weber,57,51-60,"299 George Road, Meganshire, AZ 04219",1094,SITE010,Atrial Fibrillation,Mild,HV-3000 Implant,Withdrawn
PATIENT0084,Debra,Wang,77,61+,"8447 Linda Spur, Evansland, UT 08353",2767,SITE019,Mitral Regurgitation,Critical,HV-2000 Implant,Completed
PATIENT0085,Steven,Peterson,72,61+,"562 Robertson Coves Suite 371, Shannonberg, CT 07133",4696,SITE009,Mitral Regurgitation,Mild,HV-2000 Implant,Completed
PATIENT0086,John,Grimes,77,61+,"532 Ferrell Mountain Suite 470, South Williambury, IL 76961",5004,SITE020,Coronary Artery Disease,Severe,Pressure Sensing,Enrolled
PATIENT0087,Troy,Khan,65,61+,"8016 Nicole Stream Suite 650, Williamsside, ID 48017",8416,SITE010,Atrial Fibrillation,Severe,Drug Therapy,Pending
PATIENT0088,William,Duran,63,61+,"16558 Fischer Flat, Porterton, AZ 18462",5787,SITE020,Aortic Stenosis,Critical,Hemodynamic Monitoring,Withdrawn
PATIENT0089,Eduardo,Barry,34,31-40,"69495 Erickson Hills Suite 055, South Brandytown, PA 62706",4993,SITE008,Coronary Artery Disease,Mild,Hemodynamic Monitoring,Enrolled
PATIENT0090,Jennifer,Silva,76,61+,"30913 Scott Manor Apt. 636, Salaston, VT 18599",8385,SITE006,Atrial Fibrillation,Critical,Hemodynamic Monitoring,Completed
PATIENT0091,Whitney,Mendoza,85,61+,"8585 Bishop Fields, West Angela, IN 39509",4375,SITE014,Atrial Fibrillation,Mild,Pressure Sensing,Withdrawn
PATIENT0092,Timothy,Castro,62,61+,"USNV Roberts, FPO AP 89187",8665,SITE011,Aortic Stenosis,Moderate,Hemodynamic Monitoring,Pending
PATIENT0093,Stephanie,Ballard,73,61+,"157 Burgess Forest Apt. 848, Derrickshire, IA 32280",0833,SITE010,Atrial Fibrillation,Mild,Pressure Sensing,Enrolled
PATIENT0094,Brian,Gutierrez,58,51-60,"208 Richard Wells, Woodsborough, WV 38150",5401,SITE011,Aortic Stenosis,Critical,Drug Therapy,Enrolled
PATIENT0095,Denise,Hall,72,61+,"62067 Sharon Well, Nancytown, ME 74944",9154,SITE018,Atrial Fibrillation,Critical,HV-2000 Implant,Completed
PATIENT0096,Shawn,Davidson,67,61+,"743 Mark Street, Wongburgh, AL 97050",5493,SITE020,Atrial Fibrillation,Critical,HV-2000 Implant,Completed
PATIENT0097,Gregory,Chase,56,51-60,"PSC 6851, Box 6122, APO AA 42916",3046,SITE005,Heart Failure,Critical,Pressure Sensing,Enrolled
PATIENT0098,Joe,Molina,34,31-40,"USNV Aguilar, FPO AP 01999",4530,SITE020,Mitral Regurgitation,Moderate,Hemodynamic Monitoring,Enrolled
PATIENT0099,Elizabeth,Marshall,68,61+,"145 Jeffrey Dale Suite 279, Robertside, PW 62213",8339,SITE003,Mitral Regurgitation,Mild,Pressure Sensing,Enrolled
PATIENT0100,Morgan,Miller,72,61+,"91088 Ashley Drive Apt. 587, Lake Jamieshire, NM 12420",8707,SITE005,Atrial Fibrillation,Severe,Drug Therapy,Withdrawn
PATIENT0101,David,Perry,62,61+,"406 Velasquez Summit Apt. 910, Cooperland, ND 08398",1704,SITE016,Atrial Fibrillation,Moderate,Pressure Sensing,Completed
PATIENT0102,Robert,Mack,61,61+,"6766 Felicia Shore Apt. 512, Ricebury, MP 00956",0478,SITE020,Coronary Artery Disease,Moderate,HV-2000 Implant,Withdrawn
PATIENT0103,Roger,Gray,77,61+,"2431 Lisa Manor Apt. 331, New Arthurton, IA 97565",0673,SITE014,Heart Failure,Severe,HV-2000 Implant,Withdrawn
PATIENT0104,Amber,Webster,75,61+,"439 Ray Trail, Joelberg, TN 68822",3644,SITE019,Coronary Artery Disease,Critical,HV-3000 Implant,Pending
PATIENT0105,Bruce,Fry,67,61+,"687 Teresa Row, Floydmouth, UT 55069",6246,SITE012,Heart Failure,Critical,Pressure Sensing,Withdrawn
PATIENT0106,Ivan,Medina,80,61+,"2708 Faulkner Point, South John, IL 43789",1751,SITE008,Coronary Artery Disease,Critical,HV-3000 Implant,Pending
PATIENT0107,Amanda,Calderon,37,31-40,"990 Jacob Trace Apt. 735, Susantown, IL 25407",1739,SITE016,Atrial Fibrillation,Critical,HV-3000 Implant,Pending
PATIENT0108,Jane,Sanders,84,61+,"6785 Green Passage Suite 717, Robinstad, MD 54755",0932,SITE005,Coronary Artery Disease,Severe,HV-2000 Implant,Pending
PATIENT0109,Allen,Tran,44,41-50,"2353 Hudson Gardens Suite 854, Levyfort, NH 22551",5228,SITE015,Aortic Stenosis,Moderate,Pressure Sensing,Completed
PATIENT0110,Tracy,Stark,42,41-50,"010 Robert Ville, North Jasmine, AL 29169",8750,SITE009,Heart Failure,Critical,HV-2000 Implant,Withdrawn
PATIENT0111,Christine,Estrada,80,61+,"700 Smith Pines Suite 840, Drakeburgh, CT 13125",8233,SITE018,Atrial Fibrillation,Severe,Pressure Sensing,Enrolled
PATIENT0112,Christine,King,70,61+,"56793 Kevin Views Apt. 016, Bennettfort, AR 83960",0217,SITE008,Heart Failure,Moderate,HV-2000 Implant,Pending
PATIENT0113,Megan,Newman,85,61+,"033 Nelson Club, Rachelshire, TN 04813",2503,SITE004,Atrial Fibrillation,Moderate,Hemodynamic Monitoring,Enrolled
PATIENT0114,Brenda,Goodwin,38,31-40,"42939 Rhodes Plains Suite 621, Brianchester, IN 10464",5999,SITE002,Heart Failure,Severe,Hemodynamic Monitoring,Pending
PATIENT0115,Randy,Ayala,49,41-50,"7358 Reynolds Springs Suite 194, Lake Charles, KY 20715",6265,SITE017,Atrial Fibrillation,Moderate,HV-3000 Implant,Completed
PATIENT0116,Michael,Davis,42,41-50,"USCGC Ward, FPO AA 13900",2126,SITE013,Coronary Artery Disease,Moderate,Pressure Sensing,Completed
PATIENT0117,Shane,Peters,54,51-60,"58199 Shields Bridge, Robertland, VA 73840",3982,SITE009,Atrial Fibrillation,Severe,HV-2000 Implant,Pending
PATIENT0118,Gina,Jackson,82,61+,"2126 Fisher Orchard Apt. 543, Wheelerborough, NH 14522",2406,SITE018,Mitral Regurgitation,Mild,Pressure Sensing,Withdrawn
PATIENT0119,Martin,Oliver,85,61+,"5692 Flores Square Apt. 752, Novakport, WA 91590",7935,SITE010,Atrial Fibrillation,Severe,Pressure Sensing,Withdrawn
PATIENT0120,Nicholas,Velasquez,52,51-60,"398 Erin Plaza, Lake Stevenborough, NV 38686",1672,SITE013,Atrial Fibrillation,Mild,HV-3000 Implant,Pending
PATIENT0121,Cynthia,Allen,69,61+,"1797 Ferguson Ways Suite 805, North Kaylastad, GA 85304",9096,SITE019,Heart Failure,Severe,HV-2000 Implant,Pending
PATIENT0122,Tammy,Rivera,56,51-60,"14388 Sean Lock, Bartonshire, UT 66098",2507,SITE019,Aortic Stenosis,Critical,Hemodynamic Monitoring,Completed
PATIENT0123,Dan,Perry,70,61+,"USS Guerra, FPO AP 19070",5457,SITE012,Mitral Regurgitation,Moderate,Drug Therapy,Withdrawn
PATIENT0124,Kristen,Boyd,73,61+,"7514 Lisa Crescent, Port Matthewville, TX 22043",3828,SITE005,Aortic Stenosis,Mild,Hemodynamic Monitoring,Pending
PATIENT0125,Ethan,Castro,35,31-40,"USNS Salinas, FPO AP 24677",2660,SITE012,Mitral Regurgitation,Mild,Hemodynamic Monitoring,Withdrawn
PATIENT0126,Jo,Ware,76,61+,"0334 Barbara Union Apt. 553, Wilsonfort, NC 84270",5969,SITE006,Mitral Regurgitation,Moderate,Drug Therapy,Withdrawn
PATIENT0127,Philip,Wilson,67,61+,"249 Emily Island Apt. 341, West Heather, NY 51417",6929,SITE009,Mitral Regurgitation,Severe,Pressure Sensing,Withdrawn
PATIENT0128,Patrick,Lopez,76,61+,"274 Jacob Ville, Harveystad, AL 64019",2368,SITE011,Aortic Stenosis,Critical,HV-2000 Implant,Completed
PATIENT0129,William,Simpson,76,61+,"772 Ariana Underpass Apt. 404, New Keith, WI 60443",9788,SITE008,Atrial Fibrillation,Severe,HV-2000 Implant,Pending
PATIENT0130,Daniel,Wilson,31,31-40,"078 Veronica Cove Apt. 407, Michaelland, NV 15887",3395,SITE018,Aortic Stenosis,Critical,Hemodynamic Monitoring,Withdrawn
PATIENT0131,Michelle,Bishop,69,61+,"30958 Carlson Extension, Tiffanyport, LA 75570",4812,SITE012,Aortic Stenosis,Moderate,Pressure Sensing,Enrolled
PATIENT0132,Sydney,Floyd,71,61+,"PSC 4223, Box 2536, APO AA 19135",9466,SITE018,Heart Failure,Moderate,HV-2000 Implant,Pending
PATIENT0133,Shannon,Schultz,82,61+,"8457 Murphy Alley, Lake Teresastad, PR 08801",8636,SITE010,Atrial Fibrillation,Mild,HV-3000 Implant,Enrolled
PATIENT0134,Mallory,Simpson,83,61+,"8929 Kramer Springs Apt. 017, North Sarahburgh, NV 60337",0632,SITE010,Atrial Fibrillation,Mild,HV-2000 Implant,Completed
PATIENT0135,Nicole,Turner,81,61+,"54152 Randy Inlet Apt. 611, East Thomasberg, OR 30148",8700,SITE005,Atrial Fibrillation,Critical,Hemodynamic Monitoring,Pending
PATIENT0136,Heather,Montoya,69,61+,"Unit 6271 Box 3611, DPO AE 41572",5426,SITE005,Atrial Fibrillation,Mild,Pressure Sensing,Pending
PATIENT0137,Kiara,Mullins,83,61+,"89092 Bell Forest, South Christina, NV 28975",1121,SITE009,Aortic Stenosis,Severe,HV-3000 Implant,Pending
PATIENT0138,Brittany,Cruz,64,61+,"USNV Moody, FPO AE 36803",1389,SITE008,Heart Failure,Mild,Hemodynamic Monitoring,Withdrawn
PATIENT0139,Carol,Lawson,40,31-40,"438 Julie Hill, Port Rachaelbury, NM 51079",1379,SITE009,Mitral Regurgitation,Mild,Pressure Sensing,Enrolled
PATIENT0140,Chad,Oneal,72,61+,"2696 Payne Extensions Suite 109, North Joseton, AR 52664",8486,SITE020,Aortic Stenosis,Mild,Hemodynamic Monitoring,Completed
PATIENT0141,Rodney,Morales,85,61+,"1418 Terri Drives, Peterland, ME 92077",6303,SITE019,Mitral Regurgitation,Mild,Drug Therapy,Completed
PATIENT0142,Christopher,Hamilton,69,61+,"2102 Frank Key, Garyberg, WA 35728",1056,SITE008,Heart Failure,Moderate,Drug Therapy,Enrolled
PATIENT0143,Joseph,Brown,56,51-60,"7850 Villarreal Expressway, Ericville, MH 75724",1380,SITE005,Mitral Regurgitation,Severe,HV-3000 Implant,Enrolled
PATIENT0144,Bradley,Roy,72,61+,"6220 Walker Gateway Suite 541, Davidton, HI 29754",8061,SITE001,Mitral Regurgitation,Mild,Hemodynamic Monitoring,Completed
PATIENT0145,Natalie,Cline,69,61+,"1870 Gonzalez Port Suite 937, Brittanyfort, WI 26115",8320,SITE001,Mitral Regurgitation,Severe,HV-2000 Implant,Completed
PATIENT0146,Sarah,Johnson,75,61+,"0641 Alyssa Freeway, Vasquezton, FL 93778",4103,SITE017,Aortic Stenosis,Mild,Pressure Sensing,Pending
PATIENT0147,Phyllis,Meyer,77,61+,"1918 Dana Lock Apt. 990, Batesberg, IA 38731",4565,SITE017,Coronary Artery Disease,Mild,Pressure Sensing,Completed
PATIENT0148,Louis,Nelson,83,61+,"91212 Owens Lodge, New Michaelborough, NV 40911",7411,SITE002,Coronary Artery Disease,Severe,Pressure Sensing,Enrolled
PATIENT0149,Eric,Parks,40,31-40,"52135 Palmer Springs, Jorgeburgh, AK 53505",7883,SITE016,Atrial Fibrillation,Critical,HV-2000 Implant,Pending
PATIENT0150,Cody,Garcia,74,61+,"03236 Parks Rue, New Brendaland, AK 08951",3721,SITE015,Aortic Stenosis,Mild,Hemodynamic Monitoring,Completed
PATIENT0151,Rebecca,Calderon,41,41-50,"0296 Crawford Light, Thompsonborough, PW 25031",4472,SITE009,Coronary Artery Disease,Severe,Pressure Sensing,Withdrawn
PATIENT0152,Austin,Harvey,64,61+,"6870 Joshua Dam Suite 383, South Kimberlystad, NJ 71872",7598,SITE020,Atrial Fibrillation,Mild,HV-2000 Implant,Completed
PATIENT0153,Marc,Nelson,63,61+,"40785 Terri Courts, Lake John, ND 97108",0396,SITE008,Atrial Fibrillation,Severe,Pressure Sensing,Pending
PATIENT0154,Michael,Combs,62,61+,"95590 Meza Port, New Stacy, MP 65018",8427,SITE004,Heart Failure,Critical,Hemodynamic Monitoring,Withdrawn
PATIENT0155,Benjamin,Brown,61,61+,"705 Lindsay Junctions, Port Megan, MD 08307",0292,SITE005,Atrial Fibrillation,Mild,HV-2000 Implant,Enrolled
PATIENT0156,Kim,Mathis,44,41-50,"6915 Morris Estate, Connerfort, SD 42087",2895,SITE004,Heart Failure,Moderate,Drug Therapy,Enrolled
PATIENT0157,Jeffrey,Chapman,69,61+,"422 Stacy Ports Suite 902, Samanthabury, SC 74628",1725,SITE018,Coronary Artery Disease,Severe,HV-2000 Implant,Pending
PATIENT0158,Julie,Young,60,51-60,"Unit 2157 Box 0433, DPO AP 09386",5410,SITE014,Aortic Stenosis,Severe,Drug Therapy,Withdrawn
PATIENT0159,Brandon,Kim,60,51-60,"7658 Garcia Neck, East Shannon, AS 04880",4054,SITE019,Coronary Artery Disease,Moderate,HV-3000 Implant,Pending
PATIENT0160,Stephanie,Jones,54,51-60,"18159 Bush Meadows Apt. 962, North Markborough, MT 91883",8844,SITE004,Heart Failure,Severe,HV-2000 Implant,Withdrawn
PATIENT0161,Kenneth,Davis,69,61+,"05061 Colon Road Suite 310, East Danielle, CO 62572",1467,SITE014,Coronary Artery Disease,Mild,Drug Therapy,Withdrawn
PATIENT0162,Tracy,Guerrero,34,31-40,"56527 Jose Mountain Suite 349, East Karenville, CO 88075",5869,SITE009,Heart Failure,Severe,Hemodynamic Monitoring,Enrolled
PATIENT0163,Jeremy,Brown,51,51-60,"793 Evans Locks Apt. 898, North Stacy, NV 23160",2332,SITE005,Coronary Artery Disease,Critical,HV-2000 Implant,Completed
PATIENT0164,Brad,Miller,75,61+,"294 Bartlett Valley, North Paulfurt, OH 43247",4870,SITE001,Aortic Stenosis,Moderate,Pressure Sensing,Pending
PATIENT0165,Kristin,Dean,64,61+,"62299 Sara Port Apt. 485, Bakerfort, OK 80318",7024,SITE006,Heart Failure,Severe,Hemodynamic Monitoring,Enrolled
PATIENT0166,Richard,Montgomery,81,61+,"65307 Prince Brooks Suite 444, Garrisonville, VI 30379",2475,SITE005,Mitral Regurgitation,Mild,HV-2000 Implant,Withdrawn
PATIENT0167,Joseph,Butler,64,61+,"3678 Nicholson Passage, North Larry, NY 53373",2890,SITE014,Atrial Fibrillation,Critical,Pressure Sensing,Withdrawn
PATIENT0168,Glenn,Golden,53,51-60,"07053 Richardson Mountain, Reidville, TX 04506",3579,SITE017,Aortic Stenosis,Severe,Pressure Sensing,Enrolled
PATIENT0169,Sean,Horne,56,51-60,"2414 Paul Estates Apt. 333, Denisehaven, AK 89918",0722,SITE019,Atrial Fibrillation,Severe,HV-2000 Implant,Completed
PATIENT0170,Carolyn,Smith,62,61+,"466 Stevens Forge Suite 489, Silvatown, NY 87317",5899,SITE020,Aortic Stenosis,Mild,HV-3000 Implant,Withdrawn
PATIENT0171,Justin,Cohen,83,61+,"5444 Edward Track Apt. 096, Erintown, SD 65692",4466,SITE005,Heart Failure,Severe,Hemodynamic Monitoring,Enrolled
PATIENT0172,Paul,Johnson,28,21-30,"3875 Bruce Ville, West Connor, DC 97614",4825,SITE014,Mitral Regurgitation,Moderate,Pressure Sensing,Completed
PATIENT0173,Destiny,Walker,66,61+,"5549 Ford Crest Suite 099, South Pamelahaven, DE 89721",6846,SITE012,Aortic Stenosis,Critical,HV-2000 Implant,Pending
PATIENT0174,Brian,Dickerson,32,31-40,"6972 Huffman Falls, South Marvinburgh, MD 83666",0074,SITE003,Heart Failure,Critical,Drug Therapy,Pending
PATIENT0175,Jason,Ayala,74,61+,"1296 Powell Neck, Smithside, ID 96269",5058,SITE014,Heart Failure,Mild,Pressure Sensing,Enrolled
PATIENT0176,James,Rhodes,84,61+,"54216 Jackson View, West Stacymouth, VA 68696",9856,SITE006,Coronary Artery Disease,Critical,Hemodynamic Monitoring,Enrolled
PATIENT0177,Pamela,Cowan,63,61+,"3260 Jeffrey Curve Apt. 098, North Michael, SD 05398",6489,SITE004,Mitral Regurgitation,Critical,Drug Therapy,Pending
PATIENT0178,Brandon,Vang,67,61+,"16761 Wells Drives, Lake Gina, AL 39968",6184,SITE013,Heart Failure,Severe,HV-3000 Implant,Withdrawn
PATIENT0179,Cindy,Haynes,77,61+,"914 Kristen Parks, New James, KS 69070",3564,SITE003,Coronary Artery Disease,Mild,Drug Therapy,Completed
PATIENT0180,Ethan,Kelley,82,61+,"PSC 7530, Box 0119, APO AP 65264",2181,SITE012,Heart Failure,Moderate,HV-3000 Implant,Enrolled
PATIENT0181,Jennifer,Garcia,49,41-50,"4470 Lisa Well, Port Kellymouth, NE 97302",1100,SITE007,Mitral Regurgitation,Moderate,HV-2000 Implant,Completed
PATIENT0182,Melissa,Alvarado,84,61+,"9415 White Locks Suite 746, Marshburgh, DE 17869",0216,SITE016,Atrial Fibrillation,Critical,Drug Therapy,Withdrawn
PATIENT0183,Rhonda,Webb,80,61+,"96590 Timothy Oval Apt. 670, West Dianatown, VT 89358",8993,SITE011,Mitral Regurgitation,Critical,HV-2000 Implant,Pending
PATIENT0184,Tiffany,Santiago,64,61+,"3756 Mary Point, North Dawnburgh, NY 62011",7217,SITE010,Heart Failure,Mild,Hemodynamic Monitoring,Enrolled
PATIENT0185,Malik,Rivera,58,51-60,"663 Stephen Unions, Millerfort, NV 41927",1701,SITE015,Aortic Stenosis,Mild,Hemodynamic Monitoring,Withdrawn
PATIENT0186,Richard,Johnson,42,41-50,"948 Diamond Motorway, Michaelton, GU 29719",7589,SITE003,Coronary Artery Disease,Critical,Pressure Sensing,Enrolled
PATIENT0187,Carol,Moran,64,61+,"13055 Kelley Landing Apt. 027, Port Jennifer, VA 54137",1493,SITE019,Mitral Regurgitation,Severe,Drug Therapy,Pending
PATIENT0188,Jacob,Conrad,66,61+,"51609 Kelsey Mission Suite 982, Smithton, OH 57230",9782,SITE002,Atrial Fibrillation,Mild,Hemodynamic Monitoring,Enrolled
PATIENT0189,Heather,Thompson,66,61+,"9958 Barnes Rest, West Raymond, MA 39058",7226,SITE006,Aortic Stenosis,Moderate,Pressure Sensing,Pending
PATIENT0190,Carrie,Tanner,67,61+,"833 Claudia Highway Suite 228, Jenniferstad, OH 63464",9968,SITE020,Mitral Regurgitation,Severe,Hemodynamic Monitoring,Withdrawn
PATIENT0191,Justin,Boone,61,61+,"62003 Christensen Estates, Francesberg, MP 08631",4380,SITE011,Coronary Artery Disease,Mild,Hemodynamic Monitoring,Enrolled
PATIENT0192,Michael,Chavez,59,51-60,"863 Schwartz Causeway, Hughesmouth, OH 07552",0439,SITE018,Atrial Fibrillation,Severe,Hemodynamic Monitoring,Completed
PATIENT0193,Misty,Dalton,59,51-60,"598 Kimberly Fields, Shaneland, HI 23280",8160,SITE019,Mitral Regurgitation,Severe,Hemodynamic Monitoring,Pending
PATIENT0194,Roy,Hawkins,47,41-50,"57202 Carlson Trail Suite 798, Charlesmouth, NC 29331",2818,SITE003,Heart Failure,Critical,Hemodynamic Monitoring,Completed
PATIENT0195,Erik,Daniels,73,61+,"35554 Stephanie River Suite 801, Seanbury, AZ 89964",5616,SITE017,Aortic Stenosis,Critical,Drug Therapy,Withdrawn
PATIENT0196,Jonathan,Ramsey,32,31-40,"877 Kenneth Run Apt. 581, East Teresaside, ND 01461",1336,SITE010,Mitral Regurgitation,Moderate,Hemodynamic Monitoring,Pending
PATIENT0197,Mary,Harris,52,51-60,"120 Love Camp Apt. 102, Angelashire, GU 30338",4667,SITE005,Mitral Regurgitation,Mild,Hemodynamic Monitoring,Enrolled
PATIENT0198,Crystal,Hamilton,66,61+,"091 Jaclyn Cliffs, Sarahville, LA 90400",4914,SITE018,Coronary Artery Disease,Mild,Hemodynamic Monitoring,Completed
PATIENT0199,Kathy,Kim,70,61+,"2832 Robles Vista, Susanberg, ME 89274",5088,SITE005,Mitral Regurgitation,Moderate,Drug Therapy,Completed
PATIENT0200,Donald,Williams,75,61+,"814 Kaitlin Stream Suite 368, East Jack, RI 33628",3129,SITE002,Atrial Fibrillation,Severe,HV-3000 Implant,Pending
